Strategy,Incremental Revenue,ROI,Negative Target Rate
Random,134407.61249774595,1.3440761249774595,0.14865
Probability,261897.1720194437,2.618971720194437,0.2875
Uplift,684425.8469130001,6.8442584691300015,0.0
